datetime_jst,period,category_id,category_name,item_code,rank,title
2026-07-02T12:30:14.315931+09:00,daily,23591,レディースバッグインバッグ,ads003,1,バッグインバッグ 小さめ 自立 フェルト 監修 インナーバッグ バックインバック 底板 軽量 アンコ...
2026-07-02T12:30:14.315931+09:00,realtime,23591,レディースバッグインバッグ,ads002-m,2,バッグインバッグ リュック 縦型 自立 小さめ 整理収納アドバイザー監修 リュックインバッグ インナ...
2026-07-02T12:30:14.315931+09:00,daily,35462,レディースビジネスバッグ,ads001,1,ビジネスバッグ レディース A4 軽量 自立 リクルートバッグ 就活 面接 トートバッグ 通勤 通学...
2026-07-02T12:30:14.315931+09:00,daily,37190,レディースブラックフォーマルバッグ,ads082,5,フォーマルバッグ 黒 大きめ 葬式用バッグ 葬儀 葬式 軽い 大容量 冠婚葬祭 サブバッグ付 ペット...
2026-07-02T12:30:14.315931+09:00,daily,4352,マザーズバッグ,ads004,3,マザーズリュック 軽量 大容量 バッグ リュック マザーズバッグ バック ママ パパ ブランド 撥水...
2026-07-02T12:30:14.315931+09:00,daily,4352,マザーズバッグ,ads008-l,6,＼TVドラマ衣装提供商品／ マザーズバッグ トート 2WAY サイズ L マザーズバック 高見え シ...
2026-07-02T12:30:14.315931+09:00,daily,4352,マザーズバッグ,ads008-xl,7,マザーズバッグ トート 2WAY サイズ XL マザーズバック 高見え ショルダー 軽い 軽量 大容...
2026-07-02T12:30:14.315931+09:00,daily,45462,お香、インセンス,ads066,3,お香 アロマ 白檀 沈香 金木犀 ホワイトセージ おしゃれ お試し オシャレ 横置き 対応 セット ...
2026-07-02T12:30:14.315931+09:00,daily,48240,レディース名刺入れ,ads033,4,名刺入れ レディース 本革 メンズ 革 レザー ブランド 大容量 名刺ケース マグネット おしゃれ ...
2026-07-02T12:30:14.315931+09:00,realtime,50281,室外機カバー,ads065-1,6,＼選べる3タイプ／ 室外機カバー アルミ 業務用 エアコン 極厚 6層構造 大型 夏 節電 室外機 ...
2026-07-02T12:30:14.315931+09:00,realtime,609,生ごみ処理機,ads058-l,3,コンポスト バッグ Lサイズ おしゃれ 生ゴミ 大容量 不織布 コンポスト 容器 家庭用 生ゴミ処理...
2026-07-02T12:30:14.315931+09:00,realtime,609,生ごみ処理機,ads058,10,コンポスト バッグ おしゃれ 生ゴミ 不織布 コンポスト 容器 家庭用 生ゴミ処理機 説明書付 コン...
2026-07-02T12:30:14.315931+09:00,daily,68518,靴用消臭剤,ads055,7,靴 消臭 グッズ 除湿剤 繰り返し 竹炭 乾燥剤 繰り返し使用可 空気清浄 タンス クローゼット 脱...
2026-07-02T12:30:14.315931+09:00,realtime,68518,靴用消臭剤,ads055,5,靴 消臭 グッズ 除湿剤 繰り返し 竹炭 乾燥剤 繰り返し使用可 空気清浄 タンス クローゼット 脱...
2026-07-02T12:30:14.315931+09:00,daily,68710,レディース長財布,ads089,4,長財布 レディース 本革 財布 小さい財布 大容量 薄い お札が折れない ブランド 使いやすい バイ...
2026-07-02T12:30:14.315931+09:00,daily,68713,レディース二つ折り財布,ads090,2,二つ折り財布 レディース 本革 二つ折り 財布 ミニ財布 バイカラー フラップ コンパクト 大容量 ...
2026-07-02T12:30:14.315931+09:00,daily,68716,レディース三つ折財布,ads050,2,三つ折り財布 レディース 本革 財布 三つ折り カード収納 ミニ財布 ミニ 財布 ミニウォレット 小...
2026-07-02T12:30:14.315931+09:00,realtime,68716,レディース三つ折財布,ads050,5,三つ折り財布 レディース 本革 財布 三つ折り カード収納 ミニ財布 ミニ 財布 ミニウォレット 小...
2026-07-02T12:30:14.315931+09:00,daily,68725,その他レディース財布,ads042,2,長財布 レディース 薄い 本革 軽量 大容量 財布 二つ折り 薄型 極薄 コンパクト財布 キャッシュ...
2026-07-02T12:30:14.315931+09:00,daily,68725,その他レディース財布,ads035,3,ミニ財布 レディース 二つ折り 財布 本革 お札折らない 薄い 財布 コンパクト財布 キャッシュレス...
2026-07-02T12:30:14.315931+09:00,realtime,68725,その他レディース財布,ads042,8,長財布 レディース 薄い 本革 軽量 大容量 財布 二つ折り 薄型 極薄 コンパクト財布 キャッシュ...
2026-07-02T12:30:14.315931+09:00,daily,74092,車内収納用品,ads067,10,シートボックス 腰クッション 車用 収納ボックス 車内 クッション カー用品 大容量 車内収納 小物...
2026-07-02T12:46:55.188033+09:00,daily,23591,レディースバッグインバッグ,ads003,1,バッグインバッグ 小さめ 自立 フェルト 監修 インナーバッグ バックインバック 底板 軽量 アンコ...
2026-07-02T12:46:55.188033+09:00,realtime,23591,レディースバッグインバッグ,ads002-m,2,バッグインバッグ リュック 縦型 自立 小さめ 整理収納アドバイザー監修 リュックインバッグ インナ...
2026-07-02T12:46:55.188033+09:00,daily,35462,レディースビジネスバッグ,ads001,1,ビジネスバッグ レディース A4 軽量 自立 リクルートバッグ 就活 面接 トートバッグ 通勤 通学...
2026-07-02T12:46:55.188033+09:00,daily,37190,レディースブラックフォーマルバッグ,ads082,5,フォーマルバッグ 黒 大きめ 葬式用バッグ 葬儀 葬式 軽い 大容量 冠婚葬祭 サブバッグ付 ペット...
2026-07-02T12:46:55.188033+09:00,daily,4352,マザーズバッグ,ads004,3,マザーズリュック 軽量 大容量 バッグ リュック マザーズバッグ バック ママ パパ ブランド 撥水...
2026-07-02T12:46:55.188033+09:00,daily,4352,マザーズバッグ,ads008-l,6,＼TVドラマ衣装提供商品／ マザーズバッグ トート 2WAY サイズ L マザーズバック 高見え シ...
2026-07-02T12:46:55.188033+09:00,daily,4352,マザーズバッグ,ads008-xl,7,マザーズバッグ トート 2WAY サイズ XL マザーズバック 高見え ショルダー 軽い 軽量 大容...
2026-07-02T12:46:55.188033+09:00,daily,45462,お香、インセンス,ads066,3,お香 アロマ 白檀 沈香 金木犀 ホワイトセージ おしゃれ お試し オシャレ 横置き 対応 セット ...
2026-07-02T12:46:55.188033+09:00,realtime,45462,お香、インセンス,ads066,1,お香 アロマ 白檀 沈香 金木犀 ホワイトセージ おしゃれ お試し オシャレ 横置き 対応 セット ...
2026-07-02T12:46:55.188033+09:00,daily,48240,レディース名刺入れ,ads033,4,名刺入れ レディース 本革 メンズ 革 レザー ブランド 大容量 名刺ケース マグネット おしゃれ ...
2026-07-02T12:46:55.188033+09:00,realtime,50281,室外機カバー,ads065-1,6,＼選べる3タイプ／ 室外機カバー アルミ 業務用 エアコン 極厚 6層構造 大型 夏 節電 室外機 ...
2026-07-02T12:46:55.188033+09:00,realtime,609,生ごみ処理機,ads058-l,3,コンポスト バッグ Lサイズ おしゃれ 生ゴミ 大容量 不織布 コンポスト 容器 家庭用 生ゴミ処理...
2026-07-02T12:46:55.188033+09:00,realtime,609,生ごみ処理機,ads058,10,コンポスト バッグ おしゃれ 生ゴミ 不織布 コンポスト 容器 家庭用 生ゴミ処理機 説明書付 コン...
2026-07-02T12:46:55.188033+09:00,daily,68518,靴用消臭剤,ads055,7,靴 消臭 グッズ 除湿剤 繰り返し 竹炭 乾燥剤 繰り返し使用可 空気清浄 タンス クローゼット 脱...
2026-07-02T12:46:55.188033+09:00,realtime,68518,靴用消臭剤,ads055,5,靴 消臭 グッズ 除湿剤 繰り返し 竹炭 乾燥剤 繰り返し使用可 空気清浄 タンス クローゼット 脱...
2026-07-02T12:46:55.188033+09:00,daily,68710,レディース長財布,ads089,4,長財布 レディース 本革 財布 小さい財布 大容量 薄い お札が折れない ブランド 使いやすい バイ...
2026-07-02T12:46:55.188033+09:00,daily,68713,レディース二つ折り財布,ads090,2,二つ折り財布 レディース 本革 二つ折り 財布 ミニ財布 バイカラー フラップ コンパクト 大容量 ...
2026-07-02T12:46:55.188033+09:00,daily,68716,レディース三つ折財布,ads050,2,三つ折り財布 レディース 本革 財布 三つ折り カード収納 ミニ財布 ミニ 財布 ミニウォレット 小...
2026-07-02T12:46:55.188033+09:00,realtime,68716,レディース三つ折財布,ads050,5,三つ折り財布 レディース 本革 財布 三つ折り カード収納 ミニ財布 ミニ 財布 ミニウォレット 小...
2026-07-02T12:46:55.188033+09:00,daily,68725,その他レディース財布,ads042,2,長財布 レディース 薄い 本革 軽量 大容量 財布 二つ折り 薄型 極薄 コンパクト財布 キャッシュ...
2026-07-02T12:46:55.188033+09:00,daily,68725,その他レディース財布,ads035,3,ミニ財布 レディース 二つ折り 財布 本革 お札折らない 薄い 財布 コンパクト財布 キャッシュレス...
2026-07-02T12:46:55.188033+09:00,realtime,68725,その他レディース財布,ads042,8,長財布 レディース 薄い 本革 軽量 大容量 財布 二つ折り 薄型 極薄 コンパクト財布 キャッシュ...
2026-07-02T12:46:55.188033+09:00,daily,74092,車内収納用品,ads067,10,シートボックス 腰クッション 車用 収納ボックス 車内 クッション カー用品 大容量 車内収納 小物...
2026-07-02T13:05:25.268085+09:00,realtime,23558,レディーストートバッグ,ads005,6,ミニトートバッグ レディース 仕切り 小さめ ショルダー 自立 マチ 収納 お弁当 撥水 バック ミ...
2026-07-02T13:05:25.268085+09:00,daily,23591,レディースバッグインバッグ,ads003,1,バッグインバッグ 小さめ 自立 フェルト 監修 インナーバッグ バックインバック 底板 軽量 アンコ...
2026-07-02T13:05:25.268085+09:00,realtime,23591,レディースバッグインバッグ,ads002-m,2,バッグインバッグ リュック 縦型 自立 小さめ 整理収納アドバイザー監修 リュックインバッグ インナ...
2026-07-02T13:05:25.268085+09:00,daily,35462,レディースビジネスバッグ,ads001,1,ビジネスバッグ レディース A4 軽量 自立 リクルートバッグ 就活 面接 トートバッグ 通勤 通学...
2026-07-02T13:05:25.268085+09:00,daily,37190,レディースブラックフォーマルバッグ,ads082,5,フォーマルバッグ 黒 大きめ 葬式用バッグ 葬儀 葬式 軽い 大容量 冠婚葬祭 サブバッグ付 ペット...
2026-07-02T13:05:25.268085+09:00,daily,4352,マザーズバッグ,ads004,3,マザーズリュック 軽量 大容量 バッグ リュック マザーズバッグ バック ママ パパ ブランド 撥水...
2026-07-02T13:05:25.268085+09:00,daily,4352,マザーズバッグ,ads008-l,6,＼TVドラマ衣装提供商品／ マザーズバッグ トート 2WAY サイズ L マザーズバック 高見え シ...
2026-07-02T13:05:25.268085+09:00,daily,4352,マザーズバッグ,ads008-xl,7,マザーズバッグ トート 2WAY サイズ XL マザーズバック 高見え ショルダー 軽い 軽量 大容...
2026-07-02T13:05:25.268085+09:00,realtime,4352,マザーズバッグ,ads008-l,4,＼TVドラマ衣装提供商品／ マザーズバッグ トート 2WAY サイズ L マザーズバック 高見え シ...
2026-07-02T13:05:25.268085+09:00,daily,45462,お香、インセンス,ads066,3,お香 アロマ 白檀 沈香 金木犀 ホワイトセージ おしゃれ お試し オシャレ 横置き 対応 セット ...
2026-07-02T13:05:25.268085+09:00,realtime,45462,お香、インセンス,ads066,1,お香 アロマ 白檀 沈香 金木犀 ホワイトセージ おしゃれ お試し オシャレ 横置き 対応 セット ...
2026-07-02T13:05:25.268085+09:00,daily,48240,レディース名刺入れ,ads033,4,名刺入れ レディース 本革 メンズ 革 レザー ブランド 大容量 名刺ケース マグネット おしゃれ ...
2026-07-02T13:05:25.268085+09:00,realtime,50281,室外機カバー,ads065-1,6,＼選べる3タイプ／ 室外機カバー アルミ 業務用 エアコン 極厚 6層構造 大型 夏 節電 室外機 ...
2026-07-02T13:05:25.268085+09:00,realtime,609,生ごみ処理機,ads058-l,3,コンポスト バッグ Lサイズ おしゃれ 生ゴミ 大容量 不織布 コンポスト 容器 家庭用 生ゴミ処理...
2026-07-02T13:05:25.268085+09:00,realtime,609,生ごみ処理機,ads058,10,コンポスト バッグ おしゃれ 生ゴミ 不織布 コンポスト 容器 家庭用 生ゴミ処理機 説明書付 コン...
2026-07-02T13:05:25.268085+09:00,daily,68518,靴用消臭剤,ads055,7,靴 消臭 グッズ 除湿剤 繰り返し 竹炭 乾燥剤 繰り返し使用可 空気清浄 タンス クローゼット 脱...
2026-07-02T13:05:25.268085+09:00,realtime,68518,靴用消臭剤,ads055,5,靴 消臭 グッズ 除湿剤 繰り返し 竹炭 乾燥剤 繰り返し使用可 空気清浄 タンス クローゼット 脱...
2026-07-02T13:05:25.268085+09:00,daily,68710,レディース長財布,ads089,4,長財布 レディース 本革 財布 小さい財布 大容量 薄い お札が折れない ブランド 使いやすい バイ...
2026-07-02T13:05:25.268085+09:00,daily,68713,レディース二つ折り財布,ads090,2,二つ折り財布 レディース 本革 二つ折り 財布 ミニ財布 バイカラー フラップ コンパクト 大容量 ...
2026-07-02T13:05:25.268085+09:00,daily,68716,レディース三つ折財布,ads050,2,三つ折り財布 レディース 本革 財布 三つ折り カード収納 ミニ財布 ミニ 財布 ミニウォレット 小...
2026-07-02T13:05:25.268085+09:00,realtime,68716,レディース三つ折財布,ads050,5,三つ折り財布 レディース 本革 財布 三つ折り カード収納 ミニ財布 ミニ 財布 ミニウォレット 小...
2026-07-02T13:05:25.268085+09:00,daily,68725,その他レディース財布,ads042,2,長財布 レディース 薄い 本革 軽量 大容量 財布 二つ折り 薄型 極薄 コンパクト財布 キャッシュ...
2026-07-02T13:05:25.268085+09:00,daily,68725,その他レディース財布,ads035,3,ミニ財布 レディース 二つ折り 財布 本革 お札折らない 薄い 財布 コンパクト財布 キャッシュレス...
2026-07-02T13:05:25.268085+09:00,realtime,68725,その他レディース財布,ads042,8,長財布 レディース 薄い 本革 軽量 大容量 財布 二つ折り 薄型 極薄 コンパクト財布 キャッシュ...
2026-07-02T13:05:25.268085+09:00,daily,74092,車内収納用品,ads067,10,シートボックス 腰クッション 車用 収納ボックス 車内 クッション カー用品 大容量 車内収納 小物...
2026-07-02T13:24:02.595830+09:00,realtime,23558,レディーストートバッグ,ads005,6,ミニトートバッグ レディース 仕切り 小さめ ショルダー 自立 マチ 収納 お弁当 撥水 バック ミ...
2026-07-02T13:24:02.595830+09:00,daily,23591,レディースバッグインバッグ,ads003,1,バッグインバッグ 小さめ 自立 フェルト 監修 インナーバッグ バックインバック 底板 軽量 アンコ...
2026-07-02T13:24:02.595830+09:00,realtime,23591,レディースバッグインバッグ,ads002-m,2,バッグインバッグ リュック 縦型 自立 小さめ 整理収納アドバイザー監修 リュックインバッグ インナ...
2026-07-02T13:24:02.595830+09:00,daily,35462,レディースビジネスバッグ,ads001,1,ビジネスバッグ レディース A4 軽量 自立 リクルートバッグ 就活 面接 トートバッグ 通勤 通学...
2026-07-02T13:24:02.595830+09:00,daily,37190,レディースブラックフォーマルバッグ,ads082,5,フォーマルバッグ 黒 大きめ 葬式用バッグ 葬儀 葬式 軽い 大容量 冠婚葬祭 サブバッグ付 ペット...
2026-07-02T13:24:02.595830+09:00,daily,4352,マザーズバッグ,ads004,3,マザーズリュック 軽量 大容量 バッグ リュック マザーズバッグ バック ママ パパ ブランド 撥水...
2026-07-02T13:24:02.595830+09:00,daily,4352,マザーズバッグ,ads008-l,6,＼TVドラマ衣装提供商品／ マザーズバッグ トート 2WAY サイズ L マザーズバック 高見え シ...
2026-07-02T13:24:02.595830+09:00,daily,4352,マザーズバッグ,ads008-xl,7,マザーズバッグ トート 2WAY サイズ XL マザーズバック 高見え ショルダー 軽い 軽量 大容...
2026-07-02T13:24:02.595830+09:00,realtime,4352,マザーズバッグ,ads008-l,4,＼TVドラマ衣装提供商品／ マザーズバッグ トート 2WAY サイズ L マザーズバック 高見え シ...
2026-07-02T13:24:02.595830+09:00,daily,45462,お香、インセンス,ads066,3,お香 アロマ 白檀 沈香 金木犀 ホワイトセージ おしゃれ お試し オシャレ 横置き 対応 セット ...
2026-07-02T13:24:02.595830+09:00,realtime,45462,お香、インセンス,ads066,1,お香 アロマ 白檀 沈香 金木犀 ホワイトセージ おしゃれ お試し オシャレ 横置き 対応 セット ...
2026-07-02T13:24:02.595830+09:00,daily,48240,レディース名刺入れ,ads033,4,名刺入れ レディース 本革 メンズ 革 レザー ブランド 大容量 名刺ケース マグネット おしゃれ ...
2026-07-02T13:24:02.595830+09:00,realtime,50281,室外機カバー,ads065-1,6,＼選べる3タイプ／ 室外機カバー アルミ 業務用 エアコン 極厚 6層構造 大型 夏 節電 室外機 ...
2026-07-02T13:24:02.595830+09:00,realtime,609,生ごみ処理機,ads058-l,3,コンポスト バッグ Lサイズ おしゃれ 生ゴミ 大容量 不織布 コンポスト 容器 家庭用 生ゴミ処理...
2026-07-02T13:24:02.595830+09:00,realtime,609,生ごみ処理機,ads058,10,コンポスト バッグ おしゃれ 生ゴミ 不織布 コンポスト 容器 家庭用 生ゴミ処理機 説明書付 コン...
2026-07-02T13:24:02.595830+09:00,daily,68518,靴用消臭剤,ads055,7,靴 消臭 グッズ 除湿剤 繰り返し 竹炭 乾燥剤 繰り返し使用可 空気清浄 タンス クローゼット 脱...
2026-07-02T13:24:02.595830+09:00,realtime,68518,靴用消臭剤,ads055,5,靴 消臭 グッズ 除湿剤 繰り返し 竹炭 乾燥剤 繰り返し使用可 空気清浄 タンス クローゼット 脱...
2026-07-02T13:24:02.595830+09:00,daily,68710,レディース長財布,ads089,4,長財布 レディース 本革 財布 小さい財布 大容量 薄い お札が折れない ブランド 使いやすい バイ...
2026-07-02T13:24:02.595830+09:00,daily,68713,レディース二つ折り財布,ads090,2,二つ折り財布 レディース 本革 二つ折り 財布 ミニ財布 バイカラー フラップ コンパクト 大容量 ...
2026-07-02T13:24:02.595830+09:00,daily,68716,レディース三つ折財布,ads050,2,三つ折り財布 レディース 本革 財布 三つ折り カード収納 ミニ財布 ミニ 財布 ミニウォレット 小...
2026-07-02T13:24:02.595830+09:00,realtime,68716,レディース三つ折財布,ads050,5,三つ折り財布 レディース 本革 財布 三つ折り カード収納 ミニ財布 ミニ 財布 ミニウォレット 小...
2026-07-02T13:24:02.595830+09:00,daily,68725,その他レディース財布,ads042,2,長財布 レディース 薄い 本革 軽量 大容量 財布 二つ折り 薄型 極薄 コンパクト財布 キャッシュ...
2026-07-02T13:24:02.595830+09:00,daily,68725,その他レディース財布,ads035,3,ミニ財布 レディース 二つ折り 財布 本革 お札折らない 薄い 財布 コンパクト財布 キャッシュレス...
2026-07-02T13:24:02.595830+09:00,realtime,68725,その他レディース財布,ads042,8,長財布 レディース 薄い 本革 軽量 大容量 財布 二つ折り 薄型 極薄 コンパクト財布 キャッシュ...
2026-07-02T13:24:02.595830+09:00,daily,74092,車内収納用品,ads067,10,シートボックス 腰クッション 車用 収納ボックス 車内 クッション カー用品 大容量 車内収納 小物...
2026-07-02T13:34:07.444651+09:00,realtime,23549,レディースショルダーバッグ,ads083,3,＼在庫限り／ スマホポーチ ショルダー レディース 横型 縦型 財布 フラップ スマホショルダー バ...
2026-07-02T13:34:07.444651+09:00,realtime,23558,レディーストートバッグ,ads005,6,ミニトートバッグ レディース 仕切り 小さめ ショルダー 自立 マチ 収納 お弁当 撥水 バック ミ...
2026-07-02T13:34:07.444651+09:00,realtime,23591,レディースバッグインバッグ,ads002-m,2,バッグインバッグ リュック 縦型 自立 小さめ 整理収納アドバイザー監修 リュックインバッグ インナ...
2026-07-02T13:34:07.444651+09:00,realtime,4352,マザーズバッグ,ads008-l,4,＼TVドラマ衣装提供商品／ マザーズバッグ トート 2WAY サイズ L マザーズバック 高見え シ...
2026-07-02T13:34:07.444651+09:00,realtime,45462,お香、インセンス,ads066,1,お香 アロマ 白檀 沈香 金木犀 ホワイトセージ おしゃれ お試し オシャレ 横置き 対応 セット ...
2026-07-02T13:34:07.444651+09:00,realtime,50281,室外機カバー,ads065-1,7,＼選べる3タイプ／ 室外機カバー アルミ 業務用 エアコン 極厚 6層構造 大型 夏 節電 室外機 ...
2026-07-02T13:34:07.444651+09:00,realtime,609,生ごみ処理機,ads058-l,6,コンポスト バッグ Lサイズ おしゃれ 生ゴミ 大容量 不織布 コンポスト 容器 家庭用 生ゴミ処理...
2026-07-02T13:34:07.444651+09:00,realtime,68518,靴用消臭剤,ads055,5,靴 消臭 グッズ 除湿剤 繰り返し 竹炭 乾燥剤 繰り返し使用可 空気清浄 タンス クローゼット 脱...
2026-07-02T13:34:07.444651+09:00,realtime,68713,レディース二つ折り財布,ads090,2,二つ折り財布 レディース 本革 二つ折り 財布 ミニ財布 バイカラー フラップ コンパクト 大容量 ...
2026-07-02T13:34:07.444651+09:00,realtime,68716,レディース三つ折財布,ads050,5,三つ折り財布 レディース 本革 財布 三つ折り カード収納 ミニ財布 ミニ 財布 ミニウォレット 小...
2026-07-02T13:34:07.444651+09:00,realtime,68725,その他レディース財布,ads042,8,長財布 レディース 薄い 本革 軽量 大容量 財布 二つ折り 薄型 極薄 コンパクト財布 キャッシュ...
2026-07-02T16:36:36.892384+09:00,daily,23591,レディースバッグインバッグ,ads003,1,バッグインバッグ 小さめ 自立 フェルト 監修 インナーバッグ バックインバック 底板 軽量 アンコ...
2026-07-02T16:36:36.892384+09:00,realtime,23591,レディースバッグインバッグ,ads029,6,バッグインバッグ 縦型 A4 自立 小さめ 横型 ナイロン 軽量 多機能 収納 インナーバッグ 旅行...
2026-07-02T16:36:36.892384+09:00,daily,35462,レディースビジネスバッグ,ads001,1,ビジネスバッグ レディース A4 軽量 自立 リクルートバッグ 就活 面接 トートバッグ 通勤 通学...
2026-07-02T16:36:36.892384+09:00,daily,37190,レディースブラックフォーマルバッグ,ads082,5,フォーマルバッグ 黒 大きめ 葬式用バッグ 葬儀 葬式 軽い 大容量 冠婚葬祭 サブバッグ付 ペット...
2026-07-02T16:36:36.892384+09:00,daily,4352,マザーズバッグ,ads004,3,マザーズリュック 軽量 大容量 バッグ リュック マザーズバッグ バック ママ パパ ブランド 撥水...
2026-07-02T16:36:36.892384+09:00,daily,4352,マザーズバッグ,ads008-l,6,＼TVドラマ衣装提供商品／ マザーズバッグ トート 2WAY サイズ L マザーズバック 高見え シ...
2026-07-02T16:36:36.892384+09:00,daily,4352,マザーズバッグ,ads008-xl,7,マザーズバッグ トート 2WAY サイズ XL マザーズバック 高見え ショルダー 軽い 軽量 大容...
2026-07-02T16:36:36.892384+09:00,realtime,4352,マザーズバッグ,ads008-l,5,＼TVドラマ衣装提供商品／ マザーズバッグ トート 2WAY サイズ L マザーズバック 高見え シ...
2026-07-02T16:36:36.892384+09:00,daily,45462,お香、インセンス,ads066,3,お香 アロマ 白檀 沈香 金木犀 ホワイトセージ おしゃれ お試し オシャレ 横置き 対応 セット ...
2026-07-02T16:36:36.892384+09:00,realtime,45462,お香、インセンス,ads066,9,お香 アロマ 白檀 沈香 金木犀 ホワイトセージ おしゃれ お試し オシャレ 横置き 対応 セット ...
2026-07-02T16:36:36.892384+09:00,daily,48240,レディース名刺入れ,ads033,4,名刺入れ レディース 本革 メンズ 革 レザー ブランド 大容量 名刺ケース マグネット おしゃれ ...
2026-07-02T16:36:36.892384+09:00,realtime,609,生ごみ処理機,ads058-l,9,コンポスト バッグ Lサイズ おしゃれ 生ゴミ 大容量 不織布 コンポスト 容器 家庭用 生ゴミ処理...
2026-07-02T16:36:36.892384+09:00,daily,68518,靴用消臭剤,ads055,7,靴 消臭 グッズ 除湿剤 繰り返し 竹炭 乾燥剤 繰り返し使用可 空気清浄 タンス クローゼット 脱...
2026-07-02T16:36:36.892384+09:00,realtime,68518,靴用消臭剤,ads055,6,靴 消臭 グッズ 除湿剤 繰り返し 竹炭 乾燥剤 繰り返し使用可 空気清浄 タンス クローゼット 脱...
2026-07-02T16:36:36.892384+09:00,daily,68710,レディース長財布,ads089,4,長財布 レディース 本革 財布 小さい財布 大容量 薄い お札が折れない ブランド 使いやすい バイ...
2026-07-02T16:36:36.892384+09:00,daily,68713,レディース二つ折り財布,ads090,2,二つ折り財布 レディース 本革 二つ折り 財布 ミニ財布 バイカラー フラップ コンパクト 大容量 ...
2026-07-02T16:36:36.892384+09:00,daily,68716,レディース三つ折財布,ads050,2,三つ折り財布 レディース 本革 財布 三つ折り カード収納 ミニ財布 ミニ 財布 ミニウォレット 小...
2026-07-02T16:36:36.892384+09:00,realtime,68716,レディース三つ折財布,ads050,10,三つ折り財布 レディース 本革 財布 三つ折り カード収納 ミニ財布 ミニ 財布 ミニウォレット 小...
2026-07-02T16:36:36.892384+09:00,daily,68725,その他レディース財布,ads042,2,長財布 レディース 薄い 本革 軽量 大容量 財布 二つ折り 薄型 極薄 コンパクト財布 キャッシュ...
2026-07-02T16:36:36.892384+09:00,daily,68725,その他レディース財布,ads035,3,ミニ財布 レディース 二つ折り 財布 本革 お札折らない 薄い 財布 コンパクト財布 キャッシュレス...
2026-07-02T16:36:36.892384+09:00,daily,74092,車内収納用品,ads067,10,シートボックス 腰クッション 車用 収納ボックス 車内 クッション カー用品 大容量 車内収納 小物...
2026-07-02T16:36:36.892384+09:00,realtime,74092,車内収納用品,ads067,9,シートボックス 腰クッション 車用 収納ボックス 車内 クッション カー用品 大容量 車内収納 小物...
2026-07-02T16:51:17.672984+09:00,daily,23591,レディースバッグインバッグ,ads003,1,バッグインバッグ 小さめ 自立 フェルト 監修 インナーバッグ バックインバック 底板 軽量 アンコ...
2026-07-02T16:51:17.672984+09:00,realtime,23591,レディースバッグインバッグ,ads029,6,バッグインバッグ 縦型 A4 自立 小さめ 横型 ナイロン 軽量 多機能 収納 インナーバッグ 旅行...
2026-07-02T16:51:17.672984+09:00,daily,35462,レディースビジネスバッグ,ads001,1,ビジネスバッグ レディース A4 軽量 自立 リクルートバッグ 就活 面接 トートバッグ 通勤 通学...
2026-07-02T16:51:17.672984+09:00,daily,37190,レディースブラックフォーマルバッグ,ads082,5,フォーマルバッグ 黒 大きめ 葬式用バッグ 葬儀 葬式 軽い 大容量 冠婚葬祭 サブバッグ付 ペット...
2026-07-02T16:51:17.672984+09:00,daily,4352,マザーズバッグ,ads004,3,マザーズリュック 軽量 大容量 バッグ リュック マザーズバッグ バック ママ パパ ブランド 撥水...
2026-07-02T16:51:17.672984+09:00,daily,4352,マザーズバッグ,ads008-l,6,＼TVドラマ衣装提供商品／ マザーズバッグ トート 2WAY サイズ L マザーズバック 高見え シ...
2026-07-02T16:51:17.672984+09:00,daily,4352,マザーズバッグ,ads008-xl,7,マザーズバッグ トート 2WAY サイズ XL マザーズバック 高見え ショルダー 軽い 軽量 大容...
2026-07-02T16:51:17.672984+09:00,realtime,4352,マザーズバッグ,ads008-l,5,＼TVドラマ衣装提供商品／ マザーズバッグ トート 2WAY サイズ L マザーズバック 高見え シ...
2026-07-02T16:51:17.672984+09:00,daily,45462,お香、インセンス,ads066,3,お香 アロマ 白檀 沈香 金木犀 ホワイトセージ おしゃれ お試し オシャレ 横置き 対応 セット ...
2026-07-02T16:51:17.672984+09:00,realtime,45462,お香、インセンス,ads066,9,お香 アロマ 白檀 沈香 金木犀 ホワイトセージ おしゃれ お試し オシャレ 横置き 対応 セット ...
2026-07-02T16:51:17.672984+09:00,daily,48240,レディース名刺入れ,ads033,4,名刺入れ レディース 本革 メンズ 革 レザー ブランド 大容量 名刺ケース マグネット おしゃれ ...
2026-07-02T16:51:17.672984+09:00,realtime,609,生ごみ処理機,ads058-l,9,コンポスト バッグ Lサイズ おしゃれ 生ゴミ 大容量 不織布 コンポスト 容器 家庭用 生ゴミ処理...
2026-07-02T16:51:17.672984+09:00,daily,68518,靴用消臭剤,ads055,7,靴 消臭 グッズ 除湿剤 繰り返し 竹炭 乾燥剤 繰り返し使用可 空気清浄 タンス クローゼット 脱...
2026-07-02T16:51:17.672984+09:00,realtime,68518,靴用消臭剤,ads055,6,靴 消臭 グッズ 除湿剤 繰り返し 竹炭 乾燥剤 繰り返し使用可 空気清浄 タンス クローゼット 脱...
2026-07-02T16:51:17.672984+09:00,daily,68710,レディース長財布,ads089,4,長財布 レディース 本革 財布 小さい財布 大容量 薄い お札が折れない ブランド 使いやすい バイ...
2026-07-02T16:51:17.672984+09:00,daily,68713,レディース二つ折り財布,ads090,2,二つ折り財布 レディース 本革 二つ折り 財布 ミニ財布 バイカラー フラップ コンパクト 大容量 ...
2026-07-02T16:51:17.672984+09:00,daily,68716,レディース三つ折財布,ads050,2,三つ折り財布 レディース 本革 財布 三つ折り カード収納 ミニ財布 ミニ 財布 ミニウォレット 小...
2026-07-02T16:51:17.672984+09:00,realtime,68716,レディース三つ折財布,ads050,10,三つ折り財布 レディース 本革 財布 三つ折り カード収納 ミニ財布 ミニ 財布 ミニウォレット 小...
2026-07-02T16:51:17.672984+09:00,daily,68725,その他レディース財布,ads042,2,長財布 レディース 薄い 本革 軽量 大容量 財布 二つ折り 薄型 極薄 コンパクト財布 キャッシュ...
2026-07-02T16:51:17.672984+09:00,daily,68725,その他レディース財布,ads035,3,ミニ財布 レディース 二つ折り 財布 本革 お札折らない 薄い 財布 コンパクト財布 キャッシュレス...
2026-07-02T16:51:17.672984+09:00,daily,74092,車内収納用品,ads067,10,シートボックス 腰クッション 車用 収納ボックス 車内 クッション カー用品 大容量 車内収納 小物...
2026-07-02T16:51:17.672984+09:00,realtime,74092,車内収納用品,ads067,9,シートボックス 腰クッション 車用 収納ボックス 車内 クッション カー用品 大容量 車内収納 小物...
2026-07-02T17:04:41.490242+09:00,daily,23591,レディースバッグインバッグ,ads003,1,バッグインバッグ 小さめ 自立 フェルト 監修 インナーバッグ バックインバック 底板 軽量 アンコ...
2026-07-02T17:04:41.490242+09:00,realtime,23591,レディースバッグインバッグ,ads029,6,バッグインバッグ 縦型 A4 自立 小さめ 横型 ナイロン 軽量 多機能 収納 インナーバッグ 旅行...
2026-07-02T17:04:41.490242+09:00,daily,35462,レディースビジネスバッグ,ads001,1,ビジネスバッグ レディース A4 軽量 自立 リクルートバッグ 就活 面接 トートバッグ 通勤 通学...
2026-07-02T17:04:41.490242+09:00,daily,37190,レディースブラックフォーマルバッグ,ads082,5,フォーマルバッグ 黒 大きめ 葬式用バッグ 葬儀 葬式 軽い 大容量 冠婚葬祭 サブバッグ付 ペット...
2026-07-02T17:04:41.490242+09:00,daily,4352,マザーズバッグ,ads004,3,マザーズリュック 軽量 大容量 バッグ リュック マザーズバッグ バック ママ パパ ブランド 撥水...
2026-07-02T17:04:41.490242+09:00,daily,4352,マザーズバッグ,ads008-l,6,＼TVドラマ衣装提供商品／ マザーズバッグ トート 2WAY サイズ L マザーズバック 高見え シ...
2026-07-02T17:04:41.490242+09:00,daily,4352,マザーズバッグ,ads008-xl,7,マザーズバッグ トート 2WAY サイズ XL マザーズバック 高見え ショルダー 軽い 軽量 大容...
2026-07-02T17:04:41.490242+09:00,realtime,4352,マザーズバッグ,ads008-l,5,＼TVドラマ衣装提供商品／ マザーズバッグ トート 2WAY サイズ L マザーズバック 高見え シ...
2026-07-02T17:04:41.490242+09:00,daily,45462,お香、インセンス,ads066,3,お香 アロマ 白檀 沈香 金木犀 ホワイトセージ おしゃれ お試し オシャレ 横置き 対応 セット ...
2026-07-02T17:04:41.490242+09:00,realtime,45462,お香、インセンス,ads066,9,お香 アロマ 白檀 沈香 金木犀 ホワイトセージ おしゃれ お試し オシャレ 横置き 対応 セット ...
2026-07-02T17:04:41.490242+09:00,daily,48240,レディース名刺入れ,ads033,4,名刺入れ レディース 本革 メンズ 革 レザー ブランド 大容量 名刺ケース マグネット おしゃれ ...
2026-07-02T17:04:41.490242+09:00,realtime,609,生ごみ処理機,ads058-l,9,コンポスト バッグ Lサイズ おしゃれ 生ゴミ 大容量 不織布 コンポスト 容器 家庭用 生ゴミ処理...
2026-07-02T17:04:41.490242+09:00,daily,68518,靴用消臭剤,ads055,7,靴 消臭 グッズ 除湿剤 繰り返し 竹炭 乾燥剤 繰り返し使用可 空気清浄 タンス クローゼット 脱...
2026-07-02T17:04:41.490242+09:00,realtime,68518,靴用消臭剤,ads055,6,靴 消臭 グッズ 除湿剤 繰り返し 竹炭 乾燥剤 繰り返し使用可 空気清浄 タンス クローゼット 脱...
2026-07-02T17:04:41.490242+09:00,daily,68710,レディース長財布,ads089,4,長財布 レディース 本革 財布 小さい財布 大容量 薄い お札が折れない ブランド 使いやすい バイ...
2026-07-02T17:04:41.490242+09:00,daily,68713,レディース二つ折り財布,ads090,2,二つ折り財布 レディース 本革 二つ折り 財布 ミニ財布 バイカラー フラップ コンパクト 大容量 ...
2026-07-02T17:04:41.490242+09:00,daily,68716,レディース三つ折財布,ads050,2,三つ折り財布 レディース 本革 財布 三つ折り カード収納 ミニ財布 ミニ 財布 ミニウォレット 小...
2026-07-02T17:04:41.490242+09:00,realtime,68716,レディース三つ折財布,ads050,10,三つ折り財布 レディース 本革 財布 三つ折り カード収納 ミニ財布 ミニ 財布 ミニウォレット 小...
2026-07-02T17:04:41.490242+09:00,daily,68725,その他レディース財布,ads042,2,長財布 レディース 薄い 本革 軽量 大容量 財布 二つ折り 薄型 極薄 コンパクト財布 キャッシュ...
2026-07-02T17:04:41.490242+09:00,daily,68725,その他レディース財布,ads035,3,ミニ財布 レディース 二つ折り 財布 本革 お札折らない 薄い 財布 コンパクト財布 キャッシュレス...
2026-07-02T17:04:41.490242+09:00,daily,74092,車内収納用品,ads067,10,シートボックス 腰クッション 車用 収納ボックス 車内 クッション カー用品 大容量 車内収納 小物...
2026-07-02T17:04:41.490242+09:00,realtime,74092,車内収納用品,ads067,9,シートボックス 腰クッション 車用 収納ボックス 車内 クッション カー用品 大容量 車内収納 小物...
2026-07-02T19:46:01.051920+09:00,realtime,23558,レディーストートバッグ,ads091,10,ボストンバッグ レディース 軽量 大容量 キャリーオンバッグ トートバッグ ショルダーバッグ バッグ...
2026-07-02T19:46:01.051920+09:00,realtime,23591,レディースバッグインバッグ,ads003,3,バッグインバッグ 小さめ 自立 フェルト 監修 インナーバッグ バックインバック 底板 軽量 アンコ...
2026-07-02T19:46:01.051920+09:00,realtime,4352,マザーズバッグ,ads008-l,7,＼TVドラマ衣装提供商品／ マザーズバッグ トート 2WAY サイズ L マザーズバック 高見え シ...
2026-07-02T19:46:01.051920+09:00,realtime,609,生ごみ処理機,ads058-l,10,コンポスト バッグ Lサイズ おしゃれ 生ゴミ 大容量 不織布 コンポスト 容器 家庭用 生ゴミ処理...
2026-07-02T19:46:01.051920+09:00,realtime,68518,靴用消臭剤,ads055,7,靴 消臭 グッズ 除湿剤 繰り返し 竹炭 乾燥剤 繰り返し使用可 空気清浄 タンス クローゼット 脱...
2026-07-02T19:46:01.051920+09:00,realtime,68713,レディース二つ折り財布,ads090,6,二つ折り財布 レディース 本革 二つ折り 財布 ミニ財布 バイカラー フラップ コンパクト 大容量 ...
2026-07-02T23:12:10.301090+09:00,realtime,23591,レディースバッグインバッグ,ads003,1,バッグインバッグ 小さめ 自立 フェルト 監修 インナーバッグ バックインバック 底板 軽量 アンコ...
2026-07-02T23:12:10.301090+09:00,realtime,3596,ティッシュケース,ads094,2,ティッシュケース おしゃれ かわいい ペーパーポット ティッシュカバー ティッシュホルダー トイレッ...
2026-07-02T23:12:10.301090+09:00,realtime,4352,マザーズバッグ,ads008-l,8,＼TVドラマ衣装提供商品／ マザーズバッグ トート 2WAY サイズ L マザーズバック 高見え シ...
2026-07-02T23:12:10.301090+09:00,realtime,45462,お香、インセンス,ads066-k,4,お香 コーン アロマ 白檀 ホワイトセージ パロサント コーン型 おしゃれ お試し オシャレ 横置き...
2026-07-02T23:12:10.301090+09:00,realtime,68710,レディース長財布,ads089,7,長財布 レディース 本革 財布 小さい財布 大容量 薄い お札が折れない ブランド 使いやすい バイ...
2026-07-03T02:54:21.347639+09:00,realtime,23591,レディースバッグインバッグ,ads003,2,バッグインバッグ 小さめ 自立 フェルト 監修 インナーバッグ バックインバック 底板 軽量 アンコ...
2026-07-03T02:54:21.347639+09:00,realtime,24098,レディースパスケース、定期入れ,ads049,7,パスケース リール付 本革 レディース 定期入れ 小銭入れ カードケース ミニ財布 財布 おしゃれ ...
2026-07-03T02:54:21.347639+09:00,realtime,35462,レディースビジネスバッグ,ads022,5,ビジネスバッグ レディース A4 軽量 自立 リクルートバッグ 就活 面接 トートバッグ 通勤 通学...
2026-07-03T02:54:21.347639+09:00,realtime,4352,マザーズバッグ,ads023,1,マザーズリュック マザーズバッグ ママ リュック 大容量 ブランド 軽量 軽い ギフト Anneko...
2026-07-03T02:54:21.347639+09:00,realtime,48240,レディース名刺入れ,ads033,2,名刺入れ レディース 本革 メンズ 革 レザー ブランド 大容量 名刺ケース マグネット おしゃれ ...
2026-07-03T04:38:25.477250+09:00,realtime,23591,レディースバッグインバッグ,ads003,5,バッグインバッグ 小さめ 自立 フェルト 監修 インナーバッグ バックインバック 底板 軽量 アンコ...
2026-07-03T04:38:25.477250+09:00,realtime,24098,レディースパスケース、定期入れ,ads049,8,パスケース リール付 本革 レディース 定期入れ 小銭入れ カードケース ミニ財布 財布 おしゃれ ...
2026-07-03T04:38:25.477250+09:00,realtime,35462,レディースビジネスバッグ,ads022,5,ビジネスバッグ レディース A4 軽量 自立 リクルートバッグ 就活 面接 トートバッグ 通勤 通学...
2026-07-03T04:38:25.477250+09:00,realtime,4352,マザーズバッグ,ads023,1,マザーズリュック マザーズバッグ ママ リュック 大容量 ブランド 軽量 軽い ギフト Anneko...
2026-07-03T04:38:25.477250+09:00,realtime,45462,お香、インセンス,ads066,1,お香 アロマ 白檀 沈香 金木犀 ホワイトセージ おしゃれ お試し オシャレ 横置き 対応 セット ...
2026-07-03T04:38:25.477250+09:00,realtime,48240,レディース名刺入れ,ads033,2,名刺入れ レディース 本革 メンズ 革 レザー ブランド 大容量 名刺ケース マグネット おしゃれ ...
2026-07-03T04:38:25.477250+09:00,realtime,68713,レディース二つ折り財布,ads090,1,二つ折り財布 レディース 本革 二つ折り 財布 ミニ財布 バイカラー フラップ コンパクト 大容量 ...
2026-07-03T06:14:10.771917+09:00,realtime,23591,レディースバッグインバッグ,ads003,5,バッグインバッグ 小さめ 自立 フェルト 監修 インナーバッグ バックインバック 底板 軽量 アンコ...
2026-07-03T06:14:10.771917+09:00,realtime,24098,レディースパスケース、定期入れ,ads049,8,パスケース リール付 本革 レディース 定期入れ 小銭入れ カードケース ミニ財布 財布 おしゃれ ...
2026-07-03T06:14:10.771917+09:00,realtime,35462,レディースビジネスバッグ,ads022,5,ビジネスバッグ レディース A4 軽量 自立 リクルートバッグ 就活 面接 トートバッグ 通勤 通学...
2026-07-03T06:14:10.771917+09:00,realtime,4352,マザーズバッグ,ads023,1,マザーズリュック マザーズバッグ ママ リュック 大容量 ブランド 軽量 軽い ギフト Anneko...
2026-07-03T06:14:10.771917+09:00,realtime,45462,お香、インセンス,ads066,1,お香 アロマ 白檀 沈香 金木犀 ホワイトセージ おしゃれ お試し オシャレ 横置き 対応 セット ...
2026-07-03T06:14:10.771917+09:00,realtime,48240,レディース名刺入れ,ads033,2,名刺入れ レディース 本革 メンズ 革 レザー ブランド 大容量 名刺ケース マグネット おしゃれ ...
2026-07-03T06:14:10.771917+09:00,realtime,68713,レディース二つ折り財布,ads090,1,二つ折り財布 レディース 本革 二つ折り 財布 ミニ財布 バイカラー フラップ コンパクト 大容量 ...
2026-07-03T07:11:17.671596+09:00,daily,23591,レディースバッグインバッグ,ads003,1,バッグインバッグ 小さめ 自立 フェルト 監修 インナーバッグ バックインバック 底板 軽量 アンコ...
2026-07-03T07:11:17.671596+09:00,realtime,23591,レディースバッグインバッグ,ads003,6,バッグインバッグ 小さめ 自立 フェルト 監修 インナーバッグ バックインバック 底板 軽量 アンコ...
2026-07-03T07:11:17.671596+09:00,realtime,24098,レディースパスケース、定期入れ,ads049,9,パスケース リール付 本革 レディース 定期入れ 小銭入れ カードケース ミニ財布 財布 おしゃれ ...
2026-07-03T07:11:17.671596+09:00,daily,35462,レディースビジネスバッグ,ads001,1,ビジネスバッグ レディース A4 軽量 自立 リクルートバッグ 就活 面接 トートバッグ 通勤 通学...
2026-07-03T07:11:17.671596+09:00,realtime,35462,レディースビジネスバッグ,ads022,5,ビジネスバッグ レディース A4 軽量 自立 リクルートバッグ 就活 面接 トートバッグ 通勤 通学...
2026-07-03T07:11:17.671596+09:00,daily,37190,レディースブラックフォーマルバッグ,ads082,5,フォーマルバッグ 黒 大きめ 葬式用バッグ 葬儀 葬式 軽い 大容量 冠婚葬祭 サブバッグ付 ペット...
2026-07-03T07:11:17.671596+09:00,daily,4352,マザーズバッグ,ads004,3,マザーズリュック 軽量 大容量 バッグ リュック マザーズバッグ バック ママ パパ ブランド 撥水...
2026-07-03T07:11:17.671596+09:00,daily,4352,マザーズバッグ,ads008-l,6,＼TVドラマ衣装提供商品／ マザーズバッグ トート 2WAY サイズ L マザーズバック 高見え シ...
2026-07-03T07:11:17.671596+09:00,daily,4352,マザーズバッグ,ads008-xl,7,マザーズバッグ トート 2WAY サイズ XL マザーズバック 高見え ショルダー 軽い 軽量 大容...
2026-07-03T07:11:17.671596+09:00,realtime,4352,マザーズバッグ,ads023,2,マザーズリュック マザーズバッグ ママ リュック 大容量 ブランド 軽量 軽い ギフト Anneko...
2026-07-03T07:11:17.671596+09:00,daily,45462,お香、インセンス,ads066,3,お香 アロマ 白檀 沈香 金木犀 ホワイトセージ おしゃれ お試し オシャレ 横置き 対応 セット ...
2026-07-03T07:11:17.671596+09:00,realtime,45462,お香、インセンス,ads066,1,お香 アロマ 白檀 沈香 金木犀 ホワイトセージ おしゃれ お試し オシャレ 横置き 対応 セット ...
2026-07-03T07:11:17.671596+09:00,daily,48240,レディース名刺入れ,ads033,4,名刺入れ レディース 本革 メンズ 革 レザー ブランド 大容量 名刺ケース マグネット おしゃれ ...
2026-07-03T07:11:17.671596+09:00,realtime,48240,レディース名刺入れ,ads033,4,名刺入れ レディース 本革 メンズ 革 レザー ブランド 大容量 名刺ケース マグネット おしゃれ ...
2026-07-03T07:11:17.671596+09:00,daily,68518,靴用消臭剤,ads055,7,靴 消臭 グッズ 除湿剤 繰り返し 竹炭 乾燥剤 繰り返し使用可 空気清浄 タンス クローゼット 脱...
2026-07-03T07:11:17.671596+09:00,daily,68710,レディース長財布,ads089,4,長財布 レディース 本革 財布 小さい財布 大容量 薄い お札が折れない ブランド 使いやすい バイ...
2026-07-03T07:11:17.671596+09:00,realtime,68710,レディース長財布,ads089,1,長財布 レディース 本革 財布 小さい財布 大容量 薄い お札が折れない ブランド 使いやすい バイ...
2026-07-03T07:11:17.671596+09:00,daily,68713,レディース二つ折り財布,ads090,2,二つ折り財布 レディース 本革 二つ折り 財布 ミニ財布 バイカラー フラップ コンパクト 大容量 ...
2026-07-03T07:11:17.671596+09:00,realtime,68713,レディース二つ折り財布,ads090,2,二つ折り財布 レディース 本革 二つ折り 財布 ミニ財布 バイカラー フラップ コンパクト 大容量 ...
2026-07-03T07:11:17.671596+09:00,daily,68716,レディース三つ折財布,ads050,2,三つ折り財布 レディース 本革 財布 三つ折り カード収納 ミニ財布 ミニ 財布 ミニウォレット 小...
2026-07-03T07:11:17.671596+09:00,daily,68725,その他レディース財布,ads042,2,長財布 レディース 薄い 本革 軽量 大容量 財布 二つ折り 薄型 極薄 コンパクト財布 キャッシュ...
2026-07-03T07:11:17.671596+09:00,daily,68725,その他レディース財布,ads035,3,ミニ財布 レディース 二つ折り 財布 本革 お札折らない 薄い 財布 コンパクト財布 キャッシュレス...
2026-07-03T07:11:17.671596+09:00,daily,74092,車内収納用品,ads067,10,シートボックス 腰クッション 車用 収納ボックス 車内 クッション カー用品 大容量 車内収納 小物...
2026-07-03T07:19:11.525456+09:00,daily,23591,レディースバッグインバッグ,ads003,1,バッグインバッグ 小さめ 自立 フェルト 監修 インナーバッグ バックインバック 底板 軽量 アンコ...
2026-07-03T07:19:11.525456+09:00,realtime,23591,レディースバッグインバッグ,ads003,6,バッグインバッグ 小さめ 自立 フェルト 監修 インナーバッグ バックインバック 底板 軽量 アンコ...
2026-07-03T07:19:11.525456+09:00,realtime,24098,レディースパスケース、定期入れ,ads049,9,パスケース リール付 本革 レディース 定期入れ 小銭入れ カードケース ミニ財布 財布 おしゃれ ...
2026-07-03T07:19:11.525456+09:00,daily,35462,レディースビジネスバッグ,ads001,1,ビジネスバッグ レディース A4 軽量 自立 リクルートバッグ 就活 面接 トートバッグ 通勤 通学...
2026-07-03T07:19:11.525456+09:00,realtime,35462,レディースビジネスバッグ,ads022,5,ビジネスバッグ レディース A4 軽量 自立 リクルートバッグ 就活 面接 トートバッグ 通勤 通学...
2026-07-03T07:19:11.525456+09:00,daily,37190,レディースブラックフォーマルバッグ,ads082,5,フォーマルバッグ 黒 大きめ 葬式用バッグ 葬儀 葬式 軽い 大容量 冠婚葬祭 サブバッグ付 ペット...
2026-07-03T07:19:11.525456+09:00,daily,4352,マザーズバッグ,ads004,3,マザーズリュック 軽量 大容量 バッグ リュック マザーズバッグ バック ママ パパ ブランド 撥水...
2026-07-03T07:19:11.525456+09:00,daily,4352,マザーズバッグ,ads008-l,6,＼TVドラマ衣装提供商品／ マザーズバッグ トート 2WAY サイズ L マザーズバック 高見え シ...
2026-07-03T07:19:11.525456+09:00,daily,4352,マザーズバッグ,ads008-xl,7,マザーズバッグ トート 2WAY サイズ XL マザーズバック 高見え ショルダー 軽い 軽量 大容...
2026-07-03T07:19:11.525456+09:00,realtime,4352,マザーズバッグ,ads023,2,マザーズリュック マザーズバッグ ママ リュック 大容量 ブランド 軽量 軽い ギフト Anneko...
2026-07-03T07:19:11.525456+09:00,daily,45462,お香、インセンス,ads066,3,お香 アロマ 白檀 沈香 金木犀 ホワイトセージ おしゃれ お試し オシャレ 横置き 対応 セット ...
2026-07-03T07:19:11.525456+09:00,realtime,45462,お香、インセンス,ads066,1,お香 アロマ 白檀 沈香 金木犀 ホワイトセージ おしゃれ お試し オシャレ 横置き 対応 セット ...
2026-07-03T07:19:11.525456+09:00,daily,48240,レディース名刺入れ,ads033,4,名刺入れ レディース 本革 メンズ 革 レザー ブランド 大容量 名刺ケース マグネット おしゃれ ...
2026-07-03T07:19:11.525456+09:00,realtime,48240,レディース名刺入れ,ads033,4,名刺入れ レディース 本革 メンズ 革 レザー ブランド 大容量 名刺ケース マグネット おしゃれ ...
2026-07-03T07:19:11.525456+09:00,daily,68518,靴用消臭剤,ads055,7,靴 消臭 グッズ 除湿剤 繰り返し 竹炭 乾燥剤 繰り返し使用可 空気清浄 タンス クローゼット 脱...
2026-07-03T07:19:11.525456+09:00,daily,68710,レディース長財布,ads089,4,長財布 レディース 本革 財布 小さい財布 大容量 薄い お札が折れない ブランド 使いやすい バイ...
2026-07-03T07:19:11.525456+09:00,realtime,68710,レディース長財布,ads089,1,長財布 レディース 本革 財布 小さい財布 大容量 薄い お札が折れない ブランド 使いやすい バイ...
2026-07-03T07:19:11.525456+09:00,daily,68713,レディース二つ折り財布,ads090,2,二つ折り財布 レディース 本革 二つ折り 財布 ミニ財布 バイカラー フラップ コンパクト 大容量 ...
2026-07-03T07:19:11.525456+09:00,realtime,68713,レディース二つ折り財布,ads090,2,二つ折り財布 レディース 本革 二つ折り 財布 ミニ財布 バイカラー フラップ コンパクト 大容量 ...
2026-07-03T07:19:11.525456+09:00,daily,68716,レディース三つ折財布,ads050,2,三つ折り財布 レディース 本革 財布 三つ折り カード収納 ミニ財布 ミニ 財布 ミニウォレット 小...
2026-07-03T07:19:11.525456+09:00,daily,68725,その他レディース財布,ads042,2,長財布 レディース 薄い 本革 軽量 大容量 財布 二つ折り 薄型 極薄 コンパクト財布 キャッシュ...
2026-07-03T07:19:11.525456+09:00,daily,68725,その他レディース財布,ads035,3,ミニ財布 レディース 二つ折り 財布 本革 お札折らない 薄い 財布 コンパクト財布 キャッシュレス...
2026-07-03T07:19:11.525456+09:00,daily,74092,車内収納用品,ads067,10,シートボックス 腰クッション 車用 収納ボックス 車内 クッション カー用品 大容量 車内収納 小物...
2026-07-03T08:13:07.842083+09:00,realtime,23591,レディースバッグインバッグ,ads003,7,バッグインバッグ 小さめ 自立 フェルト 監修 インナーバッグ バックインバック 底板 軽量 アンコ...
2026-07-03T08:13:07.842083+09:00,realtime,35462,レディースビジネスバッグ,ads022,5,ビジネスバッグ レディース A4 軽量 自立 リクルートバッグ 就活 面接 トートバッグ 通勤 通学...
2026-07-03T08:13:07.842083+09:00,realtime,4352,マザーズバッグ,ads023,2,マザーズリュック マザーズバッグ ママ リュック 大容量 ブランド 軽量 軽い ギフト Anneko...
2026-07-03T08:13:07.842083+09:00,realtime,45462,お香、インセンス,ads066,4,お香 アロマ 白檀 沈香 金木犀 ホワイトセージ おしゃれ お試し オシャレ 横置き 対応 セット ...
2026-07-03T08:13:07.842083+09:00,realtime,48240,レディース名刺入れ,ads033,5,名刺入れ レディース 本革 メンズ 革 レザー ブランド 大容量 名刺ケース マグネット おしゃれ ...
2026-07-03T08:13:07.842083+09:00,realtime,68710,レディース長財布,ads089,1,長財布 レディース 本革 財布 小さい財布 大容量 薄い お札が折れない ブランド 使いやすい バイ...
2026-07-03T08:13:07.842083+09:00,realtime,68713,レディース二つ折り財布,ads090,5,二つ折り財布 レディース 本革 二つ折り 財布 ミニ財布 バイカラー フラップ コンパクト 大容量 ...
2026-07-03T10:28:08.617885+09:00,daily,23591,レディースバッグインバッグ,ads003,1,バッグインバッグ 小さめ 自立 フェルト 監修 インナーバッグ バックインバック 底板 軽量 アンコ...
2026-07-03T10:28:08.617885+09:00,daily,23591,レディースバッグインバッグ,ads029,8,バッグインバッグ 縦型 A4 自立 小さめ 横型 ナイロン 軽量 多機能 収納 インナーバッグ 旅行...
2026-07-03T10:28:08.617885+09:00,daily,35462,レディースビジネスバッグ,ads022,7,ビジネスバッグ レディース A4 軽量 自立 リクルートバッグ 就活 面接 トートバッグ 通勤 通学...
2026-07-03T10:28:08.617885+09:00,daily,35462,レディースビジネスバッグ,ads001,10,ビジネスバッグ レディース A4 軽量 自立 リクルートバッグ 就活 面接 トートバッグ 通勤 通学...
2026-07-03T10:28:08.617885+09:00,realtime,35462,レディースビジネスバッグ,ads022,6,ビジネスバッグ レディース A4 軽量 自立 リクルートバッグ 就活 面接 トートバッグ 通勤 通学...
2026-07-03T10:28:08.617885+09:00,daily,3596,ティッシュケース,ads094,1,ティッシュケース おしゃれ かわいい ペーパーポット ティッシュカバー ティッシュホルダー トイレッ...
2026-07-03T10:28:08.617885+09:00,daily,4352,マザーズバッグ,ads008-l,2,＼TVドラマ衣装提供商品／ マザーズバッグ トート 2WAY サイズ L マザーズバック 高見え シ...
2026-07-03T10:28:08.617885+09:00,realtime,4352,マザーズバッグ,ads023,3,マザーズリュック マザーズバッグ ママ リュック 大容量 ブランド 軽量 軽い ギフト Anneko...
2026-07-03T10:28:08.617885+09:00,daily,45462,お香、インセンス,ads066,1,お香 アロマ 白檀 沈香 金木犀 ホワイトセージ おしゃれ お試し オシャレ 横置き 対応 セット ...
2026-07-03T10:28:08.617885+09:00,daily,45462,お香、インセンス,ads066-k,6,お香 コーン アロマ 白檀 ホワイトセージ パロサント コーン型 おしゃれ お試し オシャレ 横置き...
2026-07-03T10:28:08.617885+09:00,daily,48240,レディース名刺入れ,ads033,4,名刺入れ レディース 本革 メンズ 革 レザー ブランド 大容量 名刺ケース マグネット おしゃれ ...
2026-07-03T10:28:08.617885+09:00,daily,68518,靴用消臭剤,ads055,6,靴 消臭 グッズ 除湿剤 繰り返し 竹炭 乾燥剤 繰り返し使用可 空気清浄 タンス クローゼット 脱...
2026-07-03T10:28:08.617885+09:00,daily,68710,レディース長財布,ads089,5,長財布 レディース 本革 財布 小さい財布 大容量 薄い お札が折れない ブランド 使いやすい バイ...
2026-07-03T10:28:08.617885+09:00,daily,68713,レディース二つ折り財布,ads090,3,二つ折り財布 レディース 本革 二つ折り 財布 ミニ財布 バイカラー フラップ コンパクト 大容量 ...
2026-07-03T14:58:39.919533+09:00,realtime,23558,レディーストートバッグ,ads021,4,ミニトートバッグ 帆布 レディース キャンバス ショルダーバッグ 仕切り ランチバッグ 通勤バッグ ...
2026-07-03T14:58:39.919533+09:00,realtime,35462,レディースビジネスバッグ,ads001,2,ビジネスバッグ レディース A4 軽量 自立 リクルートバッグ 就活 面接 トートバッグ 通勤 通学...
2026-07-03T14:58:39.919533+09:00,realtime,35462,レディースビジネスバッグ,ads022,10,ビジネスバッグ レディース A4 軽量 自立 リクルートバッグ 就活 面接 トートバッグ 通勤 通学...
2026-07-03T14:58:39.919533+09:00,realtime,4352,マザーズバッグ,ads023,5,マザーズリュック マザーズバッグ ママ リュック 大容量 ブランド 軽量 軽い ギフト Anneko...
2026-07-03T14:58:39.919533+09:00,realtime,68713,レディース二つ折り財布,ads044,3,二つ折り財布 レディース 本革 がま口 ミニ財布 レディース がま口 二つ折り ブランド 使いやすい...
2026-07-03T14:58:39.919533+09:00,realtime,68725,その他レディース財布,ads042,5,長財布 レディース 薄い 本革 軽量 大容量 財布 二つ折り 薄型 極薄 コンパクト財布 キャッシュ...
2026-07-03T18:32:15.047367+09:00,realtime,37306,レディースハンドバッグ,ads026,6,ハンドバッグ レディース 小さめ 2WAY ショルダーバッグ 軽い 軽量 ショルダー ブランド 入学...
2026-07-03T18:32:15.047367+09:00,realtime,4352,マザーズバッグ,ads023,6,マザーズリュック マザーズバッグ ママ リュック 大容量 ブランド 軽量 軽い ギフト Anneko...
2026-07-03T18:32:15.047367+09:00,realtime,609,生ごみ処理機,ads058-l,1,コンポスト バッグ Lサイズ おしゃれ 生ゴミ 大容量 不織布 コンポスト 容器 家庭用 生ゴミ処理...
2026-07-03T18:32:15.047367+09:00,realtime,68710,レディース長財布,ads089,4,長財布 レディース 本革 財布 小さい財布 大容量 薄い お札が折れない ブランド 使いやすい バイ...
2026-07-03T21:12:02.537815+09:00,realtime,23591,レディースバッグインバッグ,ads003,10,バッグインバッグ 小さめ 自立 フェルト 監修 インナーバッグ バックインバック 底板 軽量 アンコ...
2026-07-03T21:12:02.537815+09:00,realtime,35462,レディースビジネスバッグ,ads001,9,ビジネスバッグ レディース A4 軽量 自立 リクルートバッグ 就活 面接 トートバッグ 通勤 通学...
2026-07-03T21:12:02.537815+09:00,realtime,37306,レディースハンドバッグ,ads093,4,ハンドバッグ レディース 小さめ 本革 バイカラー トートバッグ 2way 軽量 革 軽い ショルダ...
2026-07-03T21:12:02.537815+09:00,realtime,4352,マザーズバッグ,ads023,7,マザーズリュック マザーズバッグ ママ リュック 大容量 ブランド 軽量 軽い ギフト Anneko...
2026-07-03T21:12:02.537815+09:00,realtime,48240,レディース名刺入れ,ads033,2,名刺入れ レディース 本革 メンズ 革 レザー ブランド 大容量 名刺ケース マグネット おしゃれ ...
2026-07-03T21:12:02.537815+09:00,realtime,609,生ごみ処理機,ads058-l,7,コンポスト バッグ Lサイズ おしゃれ 生ゴミ 大容量 不織布 コンポスト 容器 家庭用 生ゴミ処理...
2026-07-03T21:12:02.537815+09:00,realtime,68710,レディース長財布,ads089,1,長財布 レディース 本革 財布 小さい財布 大容量 薄い お札が折れない ブランド 使いやすい バイ...
2026-07-04T00:54:53.758090+09:00,realtime,23591,レディースバッグインバッグ,ads003,2,バッグインバッグ 小さめ 自立 フェルト 監修 インナーバッグ バックインバック 底板 軽量 アンコ...
2026-07-04T00:54:53.758090+09:00,realtime,23591,レディースバッグインバッグ,ads002-l,10,バッグインバッグ リュック 縦型 自立 A4 大きめ 小さめ 監修 リュックインバッグ バッグインバ...
2026-07-04T00:54:53.758090+09:00,realtime,35462,レディースビジネスバッグ,ads022,5,ビジネスバッグ レディース A4 軽量 自立 リクルートバッグ 就活 面接 トートバッグ 通勤 通学...
2026-07-04T00:54:53.758090+09:00,realtime,35462,レディースビジネスバッグ,ads001,7,ビジネスバッグ レディース A4 軽量 自立 リクルートバッグ 就活 面接 トートバッグ 通勤 通学...
2026-07-04T00:54:53.758090+09:00,realtime,4352,マザーズバッグ,ads023,9,マザーズリュック マザーズバッグ ママ リュック 大容量 ブランド 軽量 軽い ギフト Anneko...
2026-07-04T00:54:53.758090+09:00,realtime,45462,お香、インセンス,ads066,1,お香 アロマ 白檀 沈香 金木犀 ホワイトセージ おしゃれ お試し オシャレ 横置き 対応 セット ...
2026-07-04T00:54:53.758090+09:00,realtime,45462,お香、インセンス,ads066-k,2,お香 コーン アロマ 白檀 ホワイトセージ パロサント コーン型 おしゃれ お試し オシャレ 横置き...
2026-07-04T00:54:53.758090+09:00,realtime,48240,レディース名刺入れ,ads033,10,名刺入れ レディース 本革 メンズ 革 レザー ブランド 大容量 名刺ケース マグネット おしゃれ ...
2026-07-04T00:54:53.758090+09:00,realtime,48241,レディースIDカードケース,ads043,6,IDカードホルダー 本革 レディース リール 革 名前 横 型 IDカードケース 本革 両面 社員証...
2026-07-04T00:54:53.758090+09:00,realtime,68518,靴用消臭剤,ads055,8,靴 消臭 グッズ 除湿剤 繰り返し 竹炭 乾燥剤 繰り返し使用可 空気清浄 タンス クローゼット 脱...
2026-07-04T00:54:53.758090+09:00,realtime,68710,レディース長財布,ads089,4,長財布 レディース 本革 財布 小さい財布 大容量 薄い お札が折れない ブランド 使いやすい バイ...
2026-07-04T02:37:44.410563+09:00,realtime,23591,レディースバッグインバッグ,ads003,3,バッグインバッグ 小さめ 自立 フェルト 監修 インナーバッグ バックインバック 底板 軽量 アンコ...
2026-07-04T02:37:44.410563+09:00,realtime,23591,レディースバッグインバッグ,ads024,7,バッグインバッグ ロンシャン 縦型 リュック 自立 大きめ フェルト 水筒 LONGCHMP ルプリ...
2026-07-04T02:37:44.410563+09:00,realtime,24144,ポケットティッシュカバー,ads084,1,ポケットティッシュケース 本革 ポーチ 掛けられる ポケットティッシュケース 革 レザー バイカラー...
2026-07-04T02:37:44.410563+09:00,realtime,35462,レディースビジネスバッグ,ads022,6,ビジネスバッグ レディース A4 軽量 自立 リクルートバッグ 就活 面接 トートバッグ 通勤 通学...
2026-07-04T02:37:44.410563+09:00,realtime,35462,レディースビジネスバッグ,ads001,8,ビジネスバッグ レディース A4 軽量 自立 リクルートバッグ 就活 面接 トートバッグ 通勤 通学...
2026-07-04T02:37:44.410563+09:00,realtime,4352,マザーズバッグ,ads008-m,2,マザーズバッグ トート 2WAY サイズ M マザーズバック 高見え ショルダー 軽い 軽量 大容量...
2026-07-04T02:37:44.410563+09:00,realtime,4352,マザーズバッグ,ads023,10,マザーズリュック マザーズバッグ ママ リュック 大容量 ブランド 軽量 軽い ギフト Anneko...
2026-07-04T02:37:44.410563+09:00,realtime,45462,お香、インセンス,ads066,1,お香 アロマ 白檀 沈香 金木犀 ホワイトセージ おしゃれ お試し オシャレ 横置き 対応 セット ...
2026-07-04T02:37:44.410563+09:00,realtime,45462,お香、インセンス,ads066-k,7,お香 コーン アロマ 白檀 ホワイトセージ パロサント コーン型 おしゃれ お試し オシャレ 横置き...
2026-07-04T02:37:44.410563+09:00,realtime,48240,レディース名刺入れ,ads033,3,名刺入れ レディース 本革 メンズ 革 レザー ブランド 大容量 名刺ケース マグネット おしゃれ ...
2026-07-04T04:36:28.978470+09:00,realtime,23591,レディースバッグインバッグ,ads003,3,バッグインバッグ 小さめ 自立 フェルト 監修 インナーバッグ バックインバック 底板 軽量 アンコ...
2026-07-04T04:36:28.978470+09:00,realtime,23591,レディースバッグインバッグ,ads024,10,バッグインバッグ ロンシャン 縦型 リュック 自立 大きめ フェルト 水筒 LONGCHMP ルプリ...
2026-07-04T04:36:28.978470+09:00,realtime,24144,ポケットティッシュカバー,ads084,1,ポケットティッシュケース 本革 ポーチ 掛けられる ポケットティッシュケース 革 レザー バイカラー...
2026-07-04T04:36:28.978470+09:00,realtime,35462,レディースビジネスバッグ,ads022,6,ビジネスバッグ レディース A4 軽量 自立 リクルートバッグ 就活 面接 トートバッグ 通勤 通学...
2026-07-04T04:36:28.978470+09:00,realtime,35462,レディースビジネスバッグ,ads001,8,ビジネスバッグ レディース A4 軽量 自立 リクルートバッグ 就活 面接 トートバッグ 通勤 通学...
2026-07-04T04:36:28.978470+09:00,realtime,4352,マザーズバッグ,ads008-m,3,マザーズバッグ トート 2WAY サイズ M マザーズバック 高見え ショルダー 軽い 軽量 大容量...
2026-07-04T04:36:28.978470+09:00,realtime,45462,お香、インセンス,ads066,7,お香 アロマ 白檀 沈香 金木犀 ホワイトセージ おしゃれ お試し オシャレ 横置き 対応 セット ...
2026-07-04T04:36:28.978470+09:00,realtime,48240,レディース名刺入れ,ads033,3,名刺入れ レディース 本革 メンズ 革 レザー ブランド 大容量 名刺ケース マグネット おしゃれ ...
2026-07-04T06:12:56.450506+09:00,realtime,23591,レディースバッグインバッグ,ads003,5,バッグインバッグ 小さめ 自立 フェルト 監修 インナーバッグ バックインバック 底板 軽量 アンコ...
2026-07-04T06:12:56.450506+09:00,realtime,24144,ポケットティッシュカバー,ads084,1,ポケットティッシュケース 本革 ポーチ 掛けられる ポケットティッシュケース 革 レザー バイカラー...
2026-07-04T06:12:56.450506+09:00,realtime,35462,レディースビジネスバッグ,ads022,6,ビジネスバッグ レディース A4 軽量 自立 リクルートバッグ 就活 面接 トートバッグ 通勤 通学...
2026-07-04T06:12:56.450506+09:00,realtime,35462,レディースビジネスバッグ,ads001,8,ビジネスバッグ レディース A4 軽量 自立 リクルートバッグ 就活 面接 トートバッグ 通勤 通学...
2026-07-04T06:12:56.450506+09:00,realtime,4352,マザーズバッグ,ads008-m,3,マザーズバッグ トート 2WAY サイズ M マザーズバック 高見え ショルダー 軽い 軽量 大容量...
2026-07-04T06:12:56.450506+09:00,realtime,45462,お香、インセンス,ads066,9,お香 アロマ 白檀 沈香 金木犀 ホワイトセージ おしゃれ お試し オシャレ 横置き 対応 セット ...
2026-07-04T06:12:56.450506+09:00,realtime,48240,レディース名刺入れ,ads033,3,名刺入れ レディース 本革 メンズ 革 レザー ブランド 大容量 名刺ケース マグネット おしゃれ ...
2026-07-04T08:09:27.920661+09:00,realtime,23591,レディースバッグインバッグ,ads003,5,バッグインバッグ 小さめ 自立 フェルト 監修 インナーバッグ バックインバック 底板 軽量 アンコ...
2026-07-04T08:09:27.920661+09:00,realtime,24144,ポケットティッシュカバー,ads084,1,ポケットティッシュケース 本革 ポーチ 掛けられる ポケットティッシュケース 革 レザー バイカラー...
2026-07-04T08:09:27.920661+09:00,realtime,35462,レディースビジネスバッグ,ads022,6,ビジネスバッグ レディース A4 軽量 自立 リクルートバッグ 就活 面接 トートバッグ 通勤 通学...
2026-07-04T08:09:27.920661+09:00,realtime,35462,レディースビジネスバッグ,ads001,8,ビジネスバッグ レディース A4 軽量 自立 リクルートバッグ 就活 面接 トートバッグ 通勤 通学...
2026-07-04T08:09:27.920661+09:00,realtime,4352,マザーズバッグ,ads008-m,3,マザーズバッグ トート 2WAY サイズ M マザーズバック 高見え ショルダー 軽い 軽量 大容量...
2026-07-04T08:09:27.920661+09:00,realtime,48240,レディース名刺入れ,ads033,4,名刺入れ レディース 本革 メンズ 革 レザー ブランド 大容量 名刺ケース マグネット おしゃれ ...
2026-07-04T08:09:27.920661+09:00,realtime,68710,レディース長財布,ads089,1,長財布 レディース 本革 財布 小さい財布 大容量 薄い お札が折れない ブランド 使いやすい バイ...
2026-07-04T10:27:55.077454+09:00,daily,23591,レディースバッグインバッグ,ads003,1,バッグインバッグ 小さめ 自立 フェルト 監修 インナーバッグ バックインバック 底板 軽量 アンコ...
2026-07-04T10:27:55.077454+09:00,realtime,23591,レディースバッグインバッグ,ads003,9,バッグインバッグ 小さめ 自立 フェルト 監修 インナーバッグ バックインバック 底板 軽量 アンコ...
2026-07-04T10:27:55.077454+09:00,daily,24144,ポケットティッシュカバー,ads084,2,ポケットティッシュケース 本革 ポーチ 掛けられる ポケットティッシュケース 革 レザー バイカラー...
2026-07-04T10:27:55.077454+09:00,realtime,24144,ポケットティッシュカバー,ads084,1,ポケットティッシュケース 本革 ポーチ 掛けられる ポケットティッシュケース 革 レザー バイカラー...
2026-07-04T10:27:55.077454+09:00,daily,35462,レディースビジネスバッグ,ads001,1,ビジネスバッグ レディース A4 軽量 自立 リクルートバッグ 就活 面接 トートバッグ 通勤 通学...
2026-07-04T10:27:55.077454+09:00,daily,35462,レディースビジネスバッグ,ads022,2,ビジネスバッグ レディース A4 軽量 自立 リクルートバッグ 就活 面接 トートバッグ 通勤 通学...
2026-07-04T10:27:55.077454+09:00,realtime,35462,レディースビジネスバッグ,ads022,6,ビジネスバッグ レディース A4 軽量 自立 リクルートバッグ 就活 面接 トートバッグ 通勤 通学...
2026-07-04T10:27:55.077454+09:00,realtime,35462,レディースビジネスバッグ,ads001,8,ビジネスバッグ レディース A4 軽量 自立 リクルートバッグ 就活 面接 トートバッグ 通勤 通学...
2026-07-04T10:27:55.077454+09:00,daily,4352,マザーズバッグ,ads023,5,マザーズリュック マザーズバッグ ママ リュック 大容量 ブランド 軽量 軽い ギフト Anneko...
2026-07-04T10:27:55.077454+09:00,daily,4352,マザーズバッグ,ads008-m,6,マザーズバッグ トート 2WAY サイズ M マザーズバック 高見え ショルダー 軽い 軽量 大容量...
2026-07-04T10:27:55.077454+09:00,realtime,4352,マザーズバッグ,ads008-m,3,マザーズバッグ トート 2WAY サイズ M マザーズバック 高見え ショルダー 軽い 軽量 大容量...
2026-07-04T10:27:55.077454+09:00,daily,45462,お香、インセンス,ads066,4,お香 アロマ 白檀 沈香 金木犀 ホワイトセージ おしゃれ お試し オシャレ 横置き 対応 セット ...
2026-07-04T10:27:55.077454+09:00,daily,48240,レディース名刺入れ,ads033,4,名刺入れ レディース 本革 メンズ 革 レザー ブランド 大容量 名刺ケース マグネット おしゃれ ...
2026-07-04T10:27:55.077454+09:00,realtime,48240,レディース名刺入れ,ads033,5,名刺入れ レディース 本革 メンズ 革 レザー ブランド 大容量 名刺ケース マグネット おしゃれ ...
2026-07-04T10:27:55.077454+09:00,daily,68518,靴用消臭剤,ads055,8,靴 消臭 グッズ 除湿剤 繰り返し 竹炭 乾燥剤 繰り返し使用可 空気清浄 タンス クローゼット 脱...
2026-07-04T10:27:55.077454+09:00,daily,68710,レディース長財布,ads089,2,長財布 レディース 本革 財布 小さい財布 大容量 薄い お札が折れない ブランド 使いやすい バイ...
2026-07-04T10:27:55.077454+09:00,daily,68713,レディース二つ折り財布,ads090,5,二つ折り財布 レディース 本革 二つ折り 財布 ミニ財布 バイカラー フラップ コンパクト 大容量 ...
2026-07-04T14:51:06.936422+09:00,realtime,23591,レディースバッグインバッグ,ads003,1,バッグインバッグ 小さめ 自立 フェルト 監修 インナーバッグ バックインバック 底板 軽量 アンコ...
2026-07-04T14:51:06.936422+09:00,realtime,23591,レディースバッグインバッグ,ads029-l,8,バッグインバッグ A4 自立 大きめ 横型 ナイロン 軽量 多機能 収納 インナーバッグ 旅行 バッ...
2026-07-04T14:51:06.936422+09:00,realtime,24144,ポケットティッシュカバー,ads084,3,ポケットティッシュケース 本革 ポーチ 掛けられる ポケットティッシュケース 革 レザー バイカラー...
2026-07-04T14:51:06.936422+09:00,realtime,35462,レディースビジネスバッグ,ads041,1,ビジネスバッグ レディース A4 軽量 自立 通勤 大容量 リクルートバッグ 就活 面接 トートバッ...
2026-07-04T14:51:06.936422+09:00,realtime,35462,レディースビジネスバッグ,ads022,8,ビジネスバッグ レディース A4 軽量 自立 リクルートバッグ 就活 面接 トートバッグ 通勤 通学...
2026-07-04T14:51:06.936422+09:00,realtime,35462,レディースビジネスバッグ,ads001,10,ビジネスバッグ レディース A4 軽量 自立 リクルートバッグ 就活 面接 トートバッグ 通勤 通学...
2026-07-04T14:51:06.936422+09:00,realtime,4352,マザーズバッグ,ads008-m,6,マザーズバッグ トート 2WAY サイズ M マザーズバック 高見え ショルダー 軽い 軽量 大容量...
2026-07-04T14:51:06.936422+09:00,realtime,45462,お香、インセンス,ads066-k,3,お香 コーン アロマ 白檀 ホワイトセージ パロサント コーン型 おしゃれ お試し オシャレ 横置き...
2026-07-04T14:51:06.936422+09:00,realtime,45462,お香、インセンス,ads066,7,お香 アロマ 白檀 沈香 金木犀 ホワイトセージ おしゃれ お試し オシャレ 横置き 対応 セット ...
2026-07-04T14:51:06.936422+09:00,realtime,48240,レディース名刺入れ,ads033,4,名刺入れ レディース 本革 メンズ 革 レザー ブランド 大容量 名刺ケース マグネット おしゃれ ...
2026-07-04T14:51:06.936422+09:00,realtime,68518,靴用消臭剤,ads055,2,靴 消臭 グッズ 除湿剤 繰り返し 竹炭 乾燥剤 繰り返し使用可 空気清浄 タンス クローゼット 脱...
2026-07-04T17:44:00.989271+09:00,realtime,23591,レディースバッグインバッグ,ads003,6,バッグインバッグ 小さめ 自立 フェルト 監修 インナーバッグ バックインバック 底板 軽量 アンコ...
2026-07-04T17:44:00.989271+09:00,realtime,24144,ポケットティッシュカバー,ads084,3,ポケットティッシュケース 本革 ポーチ 掛けられる ポケットティッシュケース 革 レザー バイカラー...
2026-07-04T17:44:00.989271+09:00,realtime,35462,レディースビジネスバッグ,ads041,2,ビジネスバッグ レディース A4 軽量 自立 通勤 大容量 リクルートバッグ 就活 面接 トートバッ...
2026-07-04T17:44:00.989271+09:00,realtime,35462,レディースビジネスバッグ,ads022,9,ビジネスバッグ レディース A4 軽量 自立 リクルートバッグ 就活 面接 トートバッグ 通勤 通学...
2026-07-04T17:44:00.989271+09:00,realtime,3596,ティッシュケース,ads094,2,ティッシュケース おしゃれ かわいい ペーパーポット ティッシュカバー ティッシュホルダー トイレッ...
2026-07-04T17:44:00.989271+09:00,realtime,4352,マザーズバッグ,ads008-m,8,マザーズバッグ トート 2WAY サイズ M マザーズバック 高見え ショルダー 軽い 軽量 大容量...
2026-07-04T17:44:00.989271+09:00,realtime,45462,お香、インセンス,ads066-k,3,お香 コーン アロマ 白檀 ホワイトセージ パロサント コーン型 おしゃれ お試し オシャレ 横置き...
2026-07-04T17:44:00.989271+09:00,realtime,45462,お香、インセンス,ads066,4,お香 アロマ 白檀 沈香 金木犀 ホワイトセージ おしゃれ お試し オシャレ 横置き 対応 セット ...
2026-07-04T17:44:00.989271+09:00,realtime,48240,レディース名刺入れ,ads033,7,名刺入れ レディース 本革 メンズ 革 レザー ブランド 大容量 名刺ケース マグネット おしゃれ ...
2026-07-04T17:44:00.989271+09:00,realtime,68518,靴用消臭剤,ads055,8,靴 消臭 グッズ 除湿剤 繰り返し 竹炭 乾燥剤 繰り返し使用可 空気清浄 タンス クローゼット 脱...
